SETID,DEPTID,DESCR,COMPANY,LOCATION,COST_CENTER,EFFDT,EFF_STATUS
SHARE,MET6101,5 East Med/Surg,JEF,Legacy Metro,CC-6101,2025-07-01,A
SHARE,MET6110,7 Tower Telemetry,JEF,Legacy Metro,CC-6110,2025-07-01,A
SHARE,MET6120,Medical ICU,JEF,Legacy Metro,CC-6120,2025-07-01,A
SHARE,VAL7101,3 North Med/Surg,JEF,Legacy Valley,CC-7101,2025-07-01,A
SHARE,VAL7130,Ortho Surgical,JEF,Legacy Valley,CC-7130,2025-07-01,A
SHARE,VAL7120,Surgical ICU,JEF,Legacy Valley,CC-7120,2025-07-01,A
SHARE,CHR8101,4 East Med/Surg,JEF,Legacy Cherry,CC-8101,2025-07-01,A
SHARE,CHR8105,5 West Med/Surg,JEF,Legacy Cherry,CC-8105,2025-07-01,A
SHARE,CHR8115,Progressive Care,JEF,Legacy Cherry,CC-8115,2025-07-01,A
